user_id,email,wallet_address,country,plan_tier,registered_at,kyc_verified
USR0001,user1@web3.io,0xe41ee9c533034f934f4e33d78d49caac87113920,KR,pro,2024-09-05 07:53:23,True
USR0002,user2@crypto.com,0xacf542a51d8b0121d44bd8e876d2dc9dc9233c39,UK,free,2024-03-27 16:28:29,False
USR0003,user3@gmail.io,0xf6450ec13214c107ada029ba7cdbda865e4b436b,SG,starter,2024-01-13 08:14:09,True
USR0004,user4@web3.com,0x20d2dd0a416d9563f2dabe9a4c293593a5390c30,IN,enterprise,2024-08-05 23:10:59,True
USR0005,user5@crypto.io,0xe08e7940d8b7ae12a57655e9b6b236cf2276846f,US,starter,2024-06-23 10:55:54,False
USR0006,user6@gmail.com,0x23c760a2a63fe3ddbfafc9dfdc23dd46efc18b85,SG,pro,2024-05-12 03:21:52,True
USR0007,user7@web3.io,0xa2e1f319b8366c60c03ad69d195e7143fdd66fc8,JP,pro,2024-02-06 00:27:14,True
USR0008,user8@crypto.com,0xeaa9c16a1b614a03bc766b327f4cbad93fae2802,AU,free,2024-11-09 10:58:50,False
USR0009,user9@gmail.io,0xaa5be5b724ef2c343d844d62bb4cb40617435537,IN,pro,2024-01-31 14:28:15,True
USR0010,user10@web3.com,0x05ea1a059529d48deaaae5e044cde401ffec74e6,IN,starter,2024-09-30 15:05:07,True
USR0011,user11@crypto.io,0x6d2644d00e1df19eaa14120b9638161aa91740a1,UK,enterprise,2024-01-31 23:42:54,True
USR0012,user12@gmail.com,0xaf7f3e6b8210c05ab74715645457679c14691c7b,JP,starter,2024-06-25 02:05:25,True
USR0013,user13@web3.io,0xd9b9056f60a1aa6915854e7b5659b7ac09bcc3c3,AE,free,2024-05-17 23:21:46,True
USR0014,user14@crypto.com,0x03c4ed33aae6ea33d5601ad5273d1a1d99b72557,DE,enterprise,2024-07-26 10:32:40,False
USR0015,user15@gmail.io,0x5b80008b981df59498fdfbb0a660cc533ac4d723,IN,starter,2024-04-14 20:05:45,True
USR0016,user16@web3.com,0x367aef03364475a46e40a3662578d23032d817d0,US,starter,2024-11-23 07:56:57,True
USR0017,user17@crypto.io,0x2f6814daa41611d1e6c2fa789093b35b24440b20,AE,free,2024-11-08 15:34:14,True
USR0018,user18@gmail.com,0x8c18674e397d5824f482dbea88fc9f02d02153c7,KR,pro,2024-12-20 15:02:43,True
USR0019,user19@web3.io,0x71fd6a8d54195ff8ba628bc20299c5fdb84f79e8,IN,enterprise,2024-09-11 13:07:52,True
USR0020,user20@crypto.com,0xf04687a03bf0c0091c961a318ce47002c8184075,KR,pro,2024-04-12 20:51:43,False
USR0021,user21@gmail.io,0x3b314d1abed1f7007b8538045316369d4ed947be,JP,starter,2024-12-14 16:18:56,True
USR0022,user22@web3.com,0x0cb9339ecffd58f01ce0a8898a1229d6c671cc6a,US,free,2024-07-16 21:07:45,True
USR0023,user23@crypto.io,0xad53a3735717016c1edab13d68f5ca45f915de9d,IN,enterprise,2024-08-31 16:13:15,True
USR0024,user24@gmail.com,0x24b6dbacdedadf22bb4ddd2c03b95f4c3bb439e9,AU,pro,2024-05-29 10:17:28,True
USR0025,user25@web3.io,0x0f37dd621a28add2c82a5b0ee4237a7e91389d52,IN,pro,2024-09-21 04:42:03,True
USR0026,user26@crypto.com,0x17c06b7c8b35e5a1bc59350f4bbd38f2d8ceaea1,DE,enterprise,2024-02-13 07:44:29,True
USR0027,user27@gmail.io,0x3ba35621a8b4afa459ab7703717f87ac6aeb485d,AE,starter,2024-10-07 10:23:08,True
USR0028,user28@web3.com,0xfbfa34ba9db360181b064f766eb94bb064d0a077,IN,starter,2024-12-04 01:49:16,True
USR0029,user29@crypto.io,0xa8690afc851337687f2cf531d35c0da9202f8ba8,FR,free,2024-05-25 05:07:46,True
USR0030,user30@gmail.com,0x4ac7acc4bedf04dc077aa1267109fbdf8e8547f2,JP,pro,2024-07-08 18:08:07,True
USR0031,user31@web3.io,0x8f779cae9b9fd4fc3fb154d552bfcf28513c2809,BR,free,2024-01-23 11:54:06,True
USR0032,user32@crypto.com,0x83888943ff47fb29cde5f9aab7645d2c17fd3f8a,UK,starter,2024-10-11 05:52:23,True
USR0033,user33@gmail.io,0x0e72efc71112c315a5d5671acb9153fa67200f9c,FR,starter,2024-09-13 05:19:24,True
USR0034,user34@web3.com,0x89cde0c1fb39e2b84a8475a9ca3183657222380d,CA,starter,2024-07-23 22:16:34,True
USR0035,user35@crypto.io,0x03be5fa09199a94c6daaccbf4a9e819119a9c01d,IN,pro,2024-10-03 21:09:57,False
USR0036,user36@gmail.com,0xc1c6c73e77b64aa654284860efe4ff8482858956,UK,starter,2024-12-15 09:00:39,True
USR0037,user37@web3.io,0xe901ca7cf8dd3bd6503db5a64cc84076fdf0c339,BR,starter,2024-01-25 20:45:52,True
USR0038,user38@crypto.com,0x0615f894aaeb04b0b29c8055d04c065d1c97fea5,IN,free,2024-01-03 19:01:24,True
USR0039,user39@gmail.io,0xa0e4333c59fab2d04fb01f4b469ec541cb9a14cd,JP,free,2024-01-27 04:12:59,True
USR0040,user40@web3.com,0x953623eeaf857975626dcda3539c71eef5a37f6a,SG,starter,2024-04-18 03:35:46,False
USR0041,user41@crypto.io,0x3f912036c1fe2cb53d4b44a5734097ebcd12fbb4,CA,starter,2024-04-04 08:53:54,True
USR0042,user42@gmail.com,0x3acd87b37875d988d51f6176792ecbc36fbfbef6,JP,enterprise,2024-02-07 15:27:38,False
USR0043,user43@web3.io,0x6e552dc21e009ad8f7da84879177ade969b2185c,US,free,2024-06-30 08:59:07,True
USR0044,user44@crypto.com,0x7beaf9663224d0b1e15737491e3ad0ce2bae56ae,UK,starter,2024-06-05 08:42:08,True
USR0045,user45@gmail.io,0x84e995a694c719f6fb176e12c7540e94fdf63f81,DE,enterprise,2024-03-14 20:52:31,True
USR0046,user46@web3.com,0x09e637ff7d74149186e53ac39cc9f7a2393b55f6,UK,enterprise,2024-04-18 04:13:44,True
USR0047,user47@crypto.io,0x6fbba4db8d8ba7b0151643bda4254db2dafffb7d,FR,free,2024-01-20 15:31:02,True
USR0048,user48@gmail.com,0xf67e2c76914bd512335de37979894fe03e92a4e7,SG,starter,2024-12-25 18:21:57,False
USR0049,user49@web3.io,0x93ecc1487d6f04c6d7592608256aee7b996b803e,CA,free,2024-07-07 14:30:12,True
USR0050,user50@crypto.com,0x79022452f89120da86643724ed8447994485d363,CA,pro,2024-05-27 04:17:07,False
USR0051,user51@gmail.io,0x2ff23e4845d76482884da47614284398e774d1fb,KR,enterprise,2024-04-20 18:42:55,True
USR0052,user52@web3.com,0x01ed45d1e3cc257df381ce396cfc2c1d7026e99f,US,free,2024-03-14 17:58:35,True
USR0053,user53@crypto.io,0x9d84569b3874b624d70bc5a9354bff7dcda07425,AU,starter,2024-01-23 04:49:08,True
USR0054,user54@gmail.com,0x79276f1cbfc127f1ed67facc377d0d7c0b29a614,DE,free,2024-07-16 05:18:16,True
USR0055,user55@web3.io,0xecedeeec059c11c58d4697924b19aec9ab61786d,CA,free,2024-09-19 05:26:13,True
USR0056,user56@crypto.com,0x3b6d21c0d59e5ee4b195f6d9af667d83dbff8f3e,BR,free,2024-08-12 19:55:00,False
USR0057,user57@gmail.io,0xc91e6d0e970cde8610911845e2ec18877e1ccc0d,FR,pro,2024-09-12 07:09:43,True
USR0058,user58@web3.com,0x8ebb7c3fbd8ea46f9820f81bfdf2ada56da8a54b,JP,starter,2024-03-20 07:50:01,True
USR0059,user59@crypto.io,0x0ae2d1dcc736162a8f962d9e9be64e7ff3bd37f3,IN,pro,2024-06-02 16:59:29,False
USR0060,user60@gmail.com,0x954051377de172972eee0825eadfddf3754c0f6a,UK,free,2024-05-02 18:59:06,False
USR0061,user61@web3.io,0x6ddb7d2671dcdf06cea36c8e75d3870de913db35,UK,free,2024-08-29 05:37:25,True
USR0062,user62@crypto.com,0x8b124a42d3eeb70314712b3e1cd4bb408059dce0,JP,free,2024-07-15 11:11:13,True
USR0063,user63@gmail.io,0x650ca21f3bf05670ab8acdf47a6d2c99f7177357,AU,pro,2024-05-23 12:14:31,True
USR0064,user64@web3.com,0x2ddd067071d26cda1c242531f9467d75c7684e95,AE,free,2024-09-16 08:56:10,True
USR0065,user65@crypto.io,0x45a4c873d7155973c0d059071523fc0e9060e0e3,UK,starter,2024-04-12 17:00:03,True
USR0066,user66@gmail.com,0x2734b32faf7e12838d616da6bdfd3e51f13fb255,KR,pro,2024-04-19 10:09:31,True
USR0067,user67@web3.io,0xb23e3a0e19a755ff2125775ed37d6b2d03cf2d5e,AE,enterprise,2024-09-23 23:56:15,True
USR0068,user68@crypto.com,0x418782d54081197aad4151b14d2cbd035ee38b0f,US,free,2024-12-17 14:20:51,False
USR0069,user69@gmail.io,0xf102d405e1f53d150cfbf08212b9ce4a68293d7d,US,pro,2024-11-18 02:05:04,True
USR0070,user70@web3.com,0x354b9fcedd419b55319fef1e1156801a065e1580,DE,enterprise,2024-09-04 10:19:37,False
USR0071,user71@crypto.io,0x7423744658273e5b7c91e95ee68427071846af7e,UK,starter,2024-08-05 20:01:51,True
USR0072,user72@gmail.com,0x56db88155b238c85b51cac384bcc779185469ce1,FR,starter,2024-11-20 02:59:21,False
USR0073,user73@web3.io,0xfca3b5fd03f4f400a51d6ce6d55ff10ebc0f4ce4,JP,free,2024-02-19 11:52:42,True
USR0074,user74@crypto.com,0x8109ae0b7754ec4f261158cd94267c0573ad8982,IN,free,2024-03-22 14:03:18,True
USR0075,user75@gmail.io,0x6c6aef9df4c47c2822ac0083423cdbefae3ada9d,CA,starter,2024-10-29 23:12:37,True
USR0076,user76@web3.com,0xe9ec297eef5400d6bbb3f98d953052c6d8135f7c,DE,enterprise,2024-12-01 18:42:33,True
USR0077,user77@crypto.io,0xc7c64bb37791bbddf248a066eadea2f208ab1b0a,JP,enterprise,2024-03-10 15:45:45,True
USR0078,user78@gmail.com,0xc399b75df9b050d9abe323fd23b976c8951fb5e9,KR,free,2024-04-13 14:48:34,False
USR0079,user79@web3.io,0x08f5a05ff7dd7338bba64518771601d6fc86a691,AU,starter,2024-12-04 17:11:01,True
USR0080,user80@crypto.com,0x3d48b21f5169311258f3b93880b02405f5dec3ed,JP,pro,2024-11-13 03:08:19,True
USR0081,user81@gmail.io,0x8de97946561c0c23db2e1c6e4a9af646b7d4b8b4,SG,enterprise,2024-03-27 13:47:53,True
USR0082,user82@web3.com,0xd1a5522483617866c674628466d55d9767c84507,AE,pro,2024-04-18 04:46:07,False
USR0083,user83@crypto.io,0xdcd0290e46e29c18e9072a4f2e3a3a8ab75b28d8,FR,pro,2024-09-20 21:34:04,True
USR0084,user84@gmail.com,0xe09ce1c6b04cab53af8b54377b78d1f224496da1,AE,starter,2024-02-14 19:03:46,True
USR0085,user85@web3.io,0xa7f84dca1020dfde753fe465f382240eb8b813f8,CA,pro,2024-01-15 20:34:58,True
USR0086,user86@crypto.com,0xf785a7423de07ffd6187f78991234bad5263330d,FR,free,2024-06-18 11:29:08,False
USR0087,user87@gmail.io,0x0bebb4aefec43cc0a5d6c642c7f5574d1b113fe5,AE,free,2024-12-15 07:59:30,False
USR0088,user88@web3.com,0xd1318b78a0eb2dde5d36ba03b70b60403e150094,FR,starter,2024-01-01 15:45:49,True
USR0089,user89@crypto.io,0xc130f381300964d81d4319ee470d6e3711551cff,IN,pro,2024-06-16 11:58:59,True
USR0090,user90@gmail.com,0x6a8ef552911f0cd5f1f4548b112e55539d4f5a38,KR,pro,2024-09-14 15:13:09,True
USR0091,user91@web3.io,0x5addbbbbcce1431ff0b1bdb91ff4c15403030e31,CA,pro,2024-09-15 23:53:32,True
USR0092,user92@crypto.com,0xbbd3318d8e0f55dde59fe4cf79d9a9c98ed8acb3,CA,starter,2024-03-15 12:04:45,True
USR0093,user93@gmail.io,0x61bf324db06c4f7465ffc1d46325cd667ab81c3b,US,pro,2024-06-06 16:53:41,True
USR0094,user94@web3.com,0x8a8bd940ed5e9cf0c0b9250a5d55a59157b1f511,BR,pro,2024-03-22 15:02:40,False
USR0095,user95@crypto.io,0xd56cf51b64d7fbf7e08277278d2ea61b00e77470,SG,enterprise,2024-06-20 13:44:38,True
USR0096,user96@gmail.com,0x361aca7109c72367b7ec5c6fddd15889bf213b15,FR,pro,2024-09-12 20:56:02,True
USR0097,user97@web3.io,0xef8c3023227923e9f9b2116b91b9a0ba099b5f2f,SG,pro,2024-11-13 20:15:34,True
USR0098,user98@crypto.com,0x194ceb7e24343c8d14785556cadf25931e4ecad0,US,free,2024-11-09 05:42:39,True
USR0099,user99@gmail.io,0x6d5cc4adf9db9a163e3a98672035a5b9d649b675,UK,enterprise,2024-07-03 12:35:30,False
USR0100,user100@web3.com,0x206d66b20b3786bee140e6d73dde079df1a9ef4b,SG,enterprise,2024-12-10 03:23:40,False
USR0101,user101@crypto.io,0xdc1bb474626dff322d94cafd14825be917d2501d,IN,free,2024-06-04 05:02:04,True
USR0102,user102@gmail.com,0xaab5f130384ade536f98b6ded21caa87c988ac2a,DE,enterprise,2024-10-29 07:24:14,True
USR0103,user103@web3.io,0x4845f16f77a915b4c2a84442717748b99ee1674e,UK,enterprise,2024-08-04 11:23:54,True
USR0104,user104@crypto.com,0xd493ca95295373a68631002c0b564ed20daa5f27,FR,pro,2024-11-07 05:44:38,False
USR0105,user105@gmail.io,0x86ad11dbdfa17ceafb2aeb34821fb4aaa4896eb3,FR,enterprise,2024-08-25 22:20:00,False
USR0106,user106@web3.com,0x621d436663312e1c84520b956660cfa9162d831b,AU,enterprise,2024-12-14 10:35:08,True
USR0107,user107@crypto.io,0xead6d5483cbdd10f547ed3e528059f17add6c202,IN,pro,2024-10-18 23:04:03,False
USR0108,user108@gmail.com,0xac305be8d73595a15f906036b5ecfe508266f501,AU,free,2024-08-31 09:43:07,True
USR0109,user109@web3.io,0xe7c152f3f5b21b0cf642ded735cf7ce8a99da8e5,JP,free,2024-04-01 01:38:18,True
USR0110,user110@crypto.com,0xddabeea93c904cda3030afdb2137bc2a301f67c8,KR,starter,2024-02-28 13:50:37,True
USR0111,user111@gmail.io,0xa1535c8d78dfd235567dfce0489c2af2293e2ec0,JP,enterprise,2024-01-25 22:39:22,False
USR0112,user112@web3.com,0x8edbf530a5451a4554eeb823cdf228b69d4fa3af,CA,enterprise,2024-01-25 04:21:30,True
USR0113,user113@crypto.io,0xbf6cdca338f41e36e725ff7cc5abf5e16b999d85,BR,enterprise,2024-11-28 17:19:16,False
USR0114,user114@gmail.com,0xf1f9e81b006f8c1ec4cb0948ec3c4fc6288d6485,AE,enterprise,2024-01-03 06:57:19,False
USR0115,user115@web3.io,0x007cc25517fc5582e51b137fc3fc0b88063d1f31,FR,starter,2024-07-28 00:34:45,False
USR0116,user116@crypto.com,0xb09bfb36f8ccf5711a83a30ba444c7a1ccfc0974,AU,free,2024-03-26 05:09:28,False
USR0117,user117@gmail.io,0x6e3586d9eaaf207f643d52f2ab4ff824cfdbc145,CA,starter,2024-05-10 12:57:15,False
USR0118,user118@web3.com,0xa6b6ba57c696e9942bedf182eaabc42de67cadf2,BR,free,2024-12-23 02:44:56,False
USR0119,user119@crypto.io,0x26e72fbf6044bdb7f70644fc41c03c431bb142c3,US,free,2024-08-17 20:50:25,False
USR0120,user120@gmail.com,0x3d523d2199596f9f02685815bc1f75c541eb14b7,DE,free,2024-02-22 16:48:39,True
USR0121,user121@web3.io,0x46297af8fe9c84d17683f77c4a647eb48d94fac6,AU,pro,2024-05-27 05:30:14,True
USR0122,user122@crypto.com,0xc4979c93c51912d4c14cd487be03b7933e58243d,AE,enterprise,2024-10-22 15:10:30,True
USR0123,user123@gmail.io,0xf763a4064eab991263026f71968989cd05a54211,US,free,2024-11-20 05:56:01,True
USR0124,user124@web3.com,0xffce623735273f5a0debd5ba056a2dfa5fba33d3,IN,free,2024-03-28 01:54:07,True
USR0125,user125@crypto.io,0x7b32c2e125182d954c31f1b0b0884a92bf618024,US,starter,2024-04-06 00:50:50,True
USR0126,user126@gmail.com,0xcff24b5f86bb5dd7d36acebc918329b8ac67a2c3,UK,starter,2024-02-19 00:27:53,False
USR0127,user127@web3.io,0x0dd668af3a1a04ea2cd8725ccb09892ece25ef81,JP,starter,2024-09-28 15:29:09,True
USR0128,user128@crypto.com,0x399354690df13027a3fe67a0d81b9689cb4e6202,AE,free,2024-10-29 01:32:44,True
USR0129,user129@gmail.io,0x0d20031a2c3246255a28daeb9411a0f2172aa5f5,IN,enterprise,2024-12-26 17:51:21,False
USR0130,user130@web3.com,0x11cb9a91c932738eeee4e9d9655386b377bbd3ca,BR,starter,2024-10-04 16:25:12,True
USR0131,user131@crypto.io,0x2f61b5c7960daf3c5653cc838d50b5b753f2ba22,IN,free,2024-09-27 18:18:35,True
USR0132,user132@gmail.com,0xf3809546aecf13ff7273cb26a592ce936f99f9ef,IN,pro,2024-05-14 20:10:25,True
USR0133,user133@web3.io,0xf37509733a25bde75171c0ed34dd5fa006339c56,US,enterprise,2024-07-15 11:53:46,False
USR0134,user134@crypto.com,0x6004a866b561f50b4e7bb207f0d5bbd71727dbff,JP,enterprise,2024-02-10 23:41:36,True
USR0135,user135@gmail.io,0x075e03fc67099b2c75ae2ae220b0ab1a241ec9f5,FR,pro,2024-06-18 03:02:03,False
USR0136,user136@web3.com,0x228333c1ed72ea815c31995e86826cf3314b8ada,KR,pro,2024-06-29 12:56:15,True
USR0137,user137@crypto.io,0x885ac28e7e4fc55f8e7b7671ca91f6481ccc65da,UK,pro,2024-11-26 18:32:31,False
USR0138,user138@gmail.com,0x9b9765de9602f87a6201f24bbf9aed666c5ac2c1,BR,enterprise,2024-04-04 16:58:19,True
USR0139,user139@web3.io,0xf8e48def63b1a45a75f68690acae503af7fe2b95,JP,starter,2024-01-12 03:30:12,False
USR0140,user140@crypto.com,0x1caa9c182239cd4b570411faab3a748fd2003880,AE,pro,2024-03-23 09:06:01,True
USR0141,user141@gmail.io,0xeb941e64e08403eb8c2527671d775c08dececa07,AE,free,2024-12-07 21:10:36,True
USR0142,user142@web3.com,0xa7e8bc097ef91184e6c6504571d8147f9dd55136,CA,enterprise,2024-02-03 05:58:14,True
USR0143,user143@crypto.io,0x339b1c532ecab2f6de3b866c3446ced58dc7d604,KR,enterprise,2024-09-25 04:56:44,False
USR0144,user144@gmail.com,0xd0f430693cb8e11ddff0e6e87f0927b2770ae240,AE,starter,2024-11-03 22:40:12,False
USR0145,user145@web3.io,0x8c9d51a8e580110d49f3c0309437a17d7d0cbb18,IN,pro,2024-09-25 15:55:25,False
USR0146,user146@crypto.com,0x28b9cc367247a69ba2d669bb51d6574056937bef,CA,pro,2024-08-02 22:44:30,True
USR0147,user147@gmail.io,0xb2364df14fb186136a48017ecee2ba2285f04e10,AE,pro,2024-09-29 23:04:58,True
USR0148,user148@web3.com,0xcb915f1287419366b6044ea7b235b146cd8cbee8,JP,free,2024-02-16 20:35:39,True
USR0149,user149@crypto.io,0x31b532d133caedf0ce3e6eb722c5c9047ccfdc36,AU,pro,2024-03-15 09:17:28,True
USR0150,user150@gmail.com,0x0d96c71743faa39882f1ebf588b9a8397ceb163d,AE,starter,2024-02-09 00:58:16,True
USR0151,user151@web3.io,0x245dde6ff5e65bdbb37f1bf900853561c60e08bf,KR,starter,2024-03-10 16:30:59,True
USR0152,user152@crypto.com,0xce9b380b2462ed09a21d9563b923823b2b5f066a,FR,pro,2024-01-18 16:14:13,True
USR0153,user153@gmail.io,0xe1dfc021f4194cfa431a7f4e137041c056bcc0df,AU,free,2024-09-04 17:22:33,True
USR0154,user154@web3.com,0xbc480949f330306d1850f25e7cf229a388a15512,AU,enterprise,2024-08-10 22:39:58,True
USR0155,user155@crypto.io,0xf4b1de6ca614391e81a73ac1acdb53230562837e,AE,enterprise,2024-03-12 14:23:38,True
USR0156,user156@gmail.com,0x5aa7e28c3289b2513d24a81007d342c9f0492340,AU,free,2024-11-15 06:40:23,True
USR0157,user157@web3.io,0x16616cd12bb6e7cbc48eba9cb9051e44cafab1e8,BR,pro,2024-02-28 22:11:53,True
USR0158,user158@crypto.com,0x02372847473c91b9593e57227bbf6a374ae27104,CA,starter,2024-04-06 09:18:26,False
USR0159,user159@gmail.io,0x4324cf79e0b87ec1125a5afe56be4670eec4009a,AE,enterprise,2024-06-23 23:05:56,True
USR0160,user160@web3.com,0x41de51c5b86a6730212d945672ef9ea99e5422b8,BR,free,2024-08-08 20:00:38,True
USR0161,user161@crypto.io,0x2effc0c1a400c1b2c7ba2d9ad0097c764e40bb9b,IN,free,2024-08-30 22:13:21,True
USR0162,user162@gmail.com,0x9860c00da5ee17ebb16cbc29bd70b4f871b9623e,UK,starter,2024-04-03 03:42:19,True
USR0163,user163@web3.io,0x9c9005185e8f8f4ff6818a9d27fe17ebf594ee93,BR,enterprise,2024-06-07 15:39:35,True
USR0164,user164@crypto.com,0xfb770b849489f20a52f975c48ed3e14e2101a184,KR,pro,2024-01-13 16:13:31,False
USR0165,user165@gmail.io,0x479891f8ecd5978bfeac9c7512ef9ec4861c30c2,AE,starter,2024-01-28 15:26:36,False
USR0166,user166@web3.com,0xa2893139d798c01e1f33e7aafc750bf4d9390cab,IN,starter,2024-02-14 13:47:33,True
USR0167,user167@crypto.io,0x70b2dc590cf47c95654f276ab73ecbce0870ebc6,US,starter,2024-11-17 00:45:39,True
USR0168,user168@gmail.com,0xfb04077296d5fbfcd90771945c7ae82a6cbc224e,BR,pro,2024-08-19 02:12:44,False
USR0169,user169@web3.io,0xfc6350d09ebd867039317e1f6c7b47fc1d3bf264,AE,enterprise,2024-02-18 07:03:36,True
USR0170,user170@crypto.com,0x909cf688ee38646a493cc7679fcb9944b40686dc,AU,free,2024-07-13 08:44:19,True
USR0171,user171@gmail.io,0xe036f921fac7adba6b2c37438e56607a19a9de20,JP,pro,2024-12-11 10:01:19,True
USR0172,user172@web3.com,0x535bd5841977df3c752d49d61659785498d20667,IN,free,2024-02-05 11:13:41,True
USR0173,user173@crypto.io,0xd921ba24e2b05cc6f7d3a23efecb95c8dbcc4c30,DE,enterprise,2024-08-11 19:00:40,False
USR0174,user174@gmail.com,0x2504b09eac363c0aefde340fbc21a1124de63679,BR,enterprise,2024-12-21 18:25:02,False
USR0175,user175@web3.io,0xac19313a082c100dbc3c66b16efa48fe94aa97ba,CA,pro,2024-02-05 10:26:27,True
USR0176,user176@crypto.com,0x295e77f4387463ca418289ffb89da70dfd48f222,DE,pro,2024-09-17 06:05:49,False
USR0177,user177@gmail.io,0x0aae97b054db12ca046b94e0270aec0688537f72,IN,enterprise,2024-09-26 09:30:26,True
USR0178,user178@web3.com,0x33515124735ccf2bdef7d4395db8a66fb0eccb72,AE,pro,2024-06-25 15:17:05,True
USR0179,user179@crypto.io,0xaafb3e3ce80442cb81f18286cdb774fa642bb19c,FR,free,2024-10-27 00:40:06,False
USR0180,user180@gmail.com,0xbd80953e8be967190c85aa34a7e5030128edd634,FR,pro,2024-06-09 11:44:47,False
USR0181,user181@web3.io,0x90ea0302b4ff904b409f77aa86267390a828adaa,US,starter,2024-08-30 21:13:55,True
USR0182,user182@crypto.com,0xb2787002b197d4bab607397d0855e655a5353cc1,AE,enterprise,2024-08-01 07:05:53,False
USR0183,user183@gmail.io,0xf37febffb021ac3c9d22247e4e99c74f1c9a92b3,IN,starter,2024-02-17 03:46:23,True
USR0184,user184@web3.com,0x5807dc15ab3dea6c0f52375b1f8e7e78d59b1d2c,FR,enterprise,2024-04-30 16:24:04,True
USR0185,user185@crypto.io,0x23c271874e7b41d24d469537b2325f8f7e00a220,UK,enterprise,2024-03-28 06:21:42,True
USR0186,user186@gmail.com,0x89ec966fb54fbd4502e696e37261b09260fcdfe0,AU,pro,2024-09-08 13:05:30,True
USR0187,user187@web3.io,0x7d9a2b8f9316a8ef1f50168684d861d8095e040b,AU,starter,2024-06-10 08:39:02,False
USR0188,user188@crypto.com,0xd8c711d5622dfae82dd2751199d1d393d6944d87,SG,starter,2024-08-02 02:09:46,True
USR0189,user189@gmail.io,0xe3cae767b9f90338af2d6335f0802d50956b00ac,CA,pro,2024-04-17 06:48:44,True
USR0190,user190@web3.com,0xfb7c2c78b05a708cce085f6ced9c49b1d93947a4,KR,pro,2024-11-14 16:04:31,False
USR0191,user191@crypto.io,0x0d832c2207987123296efcfa017d8a3ec9421c48,FR,enterprise,2024-12-02 00:48:47,True
USR0192,user192@gmail.com,0xc13062845291792179ebdeb528399ba276a79f33,FR,enterprise,2024-05-09 02:33:53,False
USR0193,user193@web3.io,0x869ed1927cb847eb94a66d6c7952e6f2e2d6c777,SG,starter,2024-12-28 06:48:47,False
USR0194,user194@crypto.com,0xd3ab99eb97e2183a0918508709efef40f6d19b8e,CA,free,2024-03-31 16:57:35,True
USR0195,user195@gmail.io,0x0172f671ad1a25dbfc2cde59cd4a4e323f8a3c39,CA,enterprise,2024-10-16 05:09:18,True
USR0196,user196@web3.com,0xf0d314b11a82dcc12968815ebb59ed9ffaaeae1b,DE,pro,2024-07-11 08:47:51,True
USR0197,user197@crypto.io,0xe9b7d716025476b1132cc6a8d64c599aaf39b180,UK,enterprise,2024-12-05 12:02:41,True
USR0198,user198@gmail.com,0x422d23efd7c4e748787cb58f435d86eb9b64451e,IN,starter,2024-10-07 13:39:52,True
USR0199,user199@web3.io,0xad77bfea108f66436a2603b757b85a17827d8df0,AE,pro,2024-07-01 07:58:10,False
USR0200,user200@crypto.com,0x3db8d9ea83f1c3d720b671a3b70cc5fcea9ac32e,JP,enterprise,2024-09-09 08:54:59,True
